Owner,Track Name
Sachin Ramesh,Something Just Like This
Sachin Ramesh,Cradles
Sachin Ramesh,Falling
Sachin Ramesh,Without Me
Sachin Ramesh,Ignite
Sachin Ramesh,Let Me Love You
Sachin Ramesh,Diamond Heart
Sachin Ramesh,How Long
Sachin Ramesh,We Don't Talk Anymore (feat. Selena Gomez)
Sachin Ramesh,Whatever It Takes
Sachin Ramesh,FRIENDS
Sachin Ramesh,Hymn for the Weekend
Sachin Ramesh,Dance Monkey
Sachin Ramesh,Believer
Sachin Ramesh,Faded
Sachin Ramesh,Attention
Sachin Ramesh,Despacito
Sachin Ramesh,Radioactive
Sachin Ramesh,rockstar (feat. 21 Savage)
Sachin Ramesh,2U (feat. Justin Bieber)
Sachin Ramesh,Starboy
Sachin Ramesh,Titanium (feat. Sia)
Sachin Ramesh,Animals
Sachin Ramesh,Legends Never Die - (Remix)
Sachin Ramesh,goosebumps
Sachin Ramesh,Thunder
Sachin Ramesh,Happier
Sachin Ramesh,Scared to Be Lonely
Sachin Ramesh,Drag Me Down
Sachin Ramesh,Stitches
Sachin Ramesh,Señorita
Sachin Ramesh,Rockabye (feat. Sean Paul & Anne-Marie)
Sachin Ramesh,Spaceman
Sachin Ramesh,We Own It (Fast & Furious)
